bucket,intent_satisfaction,predicted_q,replay_size,rolling_reward,scenario,seed,serving_actor_version,slice_a_ratio,step,target_q,td_error,train_step
0,0.6,,,0.10633664697904775,balanced,1,4.0,69.31,50.5,,,
1,0.51,,,0.7053459629369306,balanced,1,6.0,53.17,150.5,,,
2,0.37,,,0.7638659550334503,balanced,1,7.0,47.34,250.5,,,
3,0.25,,,0.7494251334433998,balanced,1,8.0,43.44,350.5,,,
4,0.22,,,0.7181447005045848,balanced,1,9.0,41.77,450.5,,,
5,0.3,,,0.6993001568237923,balanced,1,10.0,44.26,550.5,,,
6,0.38,,,0.7207550576711755,balanced,1,13.0,50.84,650.5,,,
7,0.32,,,0.7515167427477895,balanced,1,14.0,53.21,750.5,,,
8,0.38,,,0.7562860250438342,balanced,1,15.0,51.97,850.5,,,
9,0.42,,,0.6846567240351691,balanced,1,16.0,50.23,950.5,,,
10,0.39,,,0.6298534264451432,balanced,1,17.0,50.25,1050.5,,,
11,0.44,,,0.6279254857197881,balanced,1,18.0,49.3,1150.5,,,
12,0.44,,,0.7486869971110245,balanced,1,20.0,52.92,1250.5,,,
13,0.36,,,0.7416725365205317,balanced,1,21.0,52.07,1350.5,,,
14,0.49,,,0.6766441806186481,balanced,1,22.0,51.4,1450.5,,,
15,0.44,,,0.7397814515732133,balanced,1,23.0,51.96,1550.5,,,
16,0.52,,,0.7317191324913307,balanced,1,24.0,53.44,1650.5,,,
17,0.52,,,0.7794548510418696,balanced,1,25.0,54.78,1750.5,,,
18,0.52,,,0.7037815381048329,balanced,1,27.0,45.19,1850.5,,,
19,0.53,,,0.64883024027291,balanced,1,28.0,46.65,1950.5,,,
20,0.53,,,0.5970090142062398,balanced,1,29.0,46.73,2050.5,,,
21,0.52,,,0.5890387799548389,balanced,1,30.0,45.17,2150.5,,,
22,0.51,,,0.6577443642215725,balanced,1,31.0,46.23,2250.5,,,
23,0.51,,,0.623799700148821,balanced,1,32.0,44.74,2350.5,,,
24,0.53,,,0.718241870080901,balanced,1,35.0,54.84,2450.5,,,
25,0.52,,,0.7549327453613696,balanced,1,36.0,55.74,2550.5,,,
26,0.42,,,0.722946933887264,balanced,1,37.0,53.32,2650.5,,,
27,0.59,,,0.7590667662943555,balanced,1,38.0,55.96,2750.5,,,
28,0.55,,,0.7167521271824215,balanced,1,39.0,55.98,2850.5,,,
29,0.56,,,0.7079101297122362,balanced,1,40.0,55.85,2950.5,,,
30,0.5,,,0.6221710816697714,balanced,1,43.0,46.8,3050.5,,,
31,0.53,,,0.7370159358213312,balanced,1,44.0,45.88,3150.5,,,
32,0.49,,,0.6433555853675975,balanced,1,45.0,45.31,3250.5,,,
33,0.48,,,0.7548358725958592,balanced,1,46.0,44.9,3350.5,,,
34,0.52,,,0.7206504161927937,balanced,1,47.0,45.49,3450.5,,,
35,0.5,,,0.7887530009301071,balanced,1,48.0,44.6,3550.5,,,
36,0.6,,,0.8165243783436248,balanced,1,50.0,57.28,3650.5,,,
37,0.52,,,0.7675453805244518,balanced,1,51.0,56.08,3750.5,,,
38,0.57,,,0.656038043183904,balanced,1,52.0,56.81,3850.5,,,
39,0.57,,,0.7771955577495482,balanced,1,53.0,56.42,3950.5,,,
40,0.58,,,0.7626381997973746,balanced,1,54.0,57.78,4050.5,,,
41,0.64,,,0.7858447718275766,balanced,1,55.0,58.36,4150.5,,,
42,0.55,,,0.7490133800312937,balanced,1,58.0,43.88,4250.5,,,
43,0.51,,,0.7022314707981904,balanced,1,59.0,46.07,4350.5,,,
44,0.49,,,0.6898348864356384,balanced,1,60.0,45.03,4450.5,,,
45,0.56,,,0.7630779347505592,balanced,1,61.0,44.55,4550.5,,,
46,0.54,,,0.7722670657815102,balanced,1,62.0,45.13,4650.5,,,
47,0.56,,,0.7245524860310444,balanced,1,63.0,44.63,4750.5,,,
48,0.6,,,0.773193988659664,balanced,1,66.0,58.06,4850.5,,,
49,0.63,,,0.7653319078619433,balanced,1,67.0,57.23,4950.5,,,
50,0.6,,,0.8364199645485827,balanced,1,68.0,57.93,5050.5,,,
51,0.67,,,0.7922818808727081,balanced,1,69.0,58.16,5150.5,,,
52,0.65,,,0.7443341344566501,balanced,1,70.0,57.08,5250.5,,,
53,0.65,,,0.8067238445239664,balanced,1,71.0,57.47,5350.5,,,
54,0.47,,,0.7943545208526719,balanced,1,73.0,46.26,5450.5,,,
55,0.46,,,0.7614970347461244,balanced,1,74.0,45.6,5550.5,,,
56,0.48,,,0.754832558574448,balanced,1,75.0,46.86,5650.5,,,
57,0.42,,,0.7157325655249914,balanced,1,76.0,46.38,5750.5,,,
58,0.56,,,0.7404316819434937,balanced,1,77.0,45.35,5850.5,,,
59,0.56,,,0.7840865509738832,balanced,1,78.0,45.55,5950.5,,,
60,0.72,,,0.8285815670992358,balanced,1,80.0,58.92,6050.5,,,
61,0.6,,,0.8036674871729413,balanced,1,81.0,57.42,6150.5,,,
62,0.65,,,0.7916789479294897,balanced,1,82.0,59.13,6250.5,,,
63,0.67,,,0.8012422270026995,balanced,1,83.0,59.37,6350.5,,,
64,0.69,,,0.7607451467470683,balanced,1,84.0,58.62,6450.5,,,
65,0.69,,,0.8241860145855474,balanced,1,85.0,58.78,6550.5,,,
66,0.58,,,0.8090991691262804,balanced,1,88.0,45.28,6650.5,,,
67,0.47,,,0.7533461420822254,balanced,1,88.0,46.46,6750.5,,,
68,0.43,,,0.7291570180216964,balanced,1,90.0,47.18,6850.5,,,
69,0.42,,,0.7673643996918147,balanced,1,90.0,46.73,6950.5,,,
70,0.38,,,0.7263234773908598,balanced,1,92.0,47.56,7050.5,,,
71,0.4,,,0.7423094014821758,balanced,1,92.0,46.76,7150.5,,,
72,0.65,,,0.7529625032543982,balanced,1,95.0,59.32,7250.5,,,
73,0.72,,,0.7479026401646057,balanced,1,96.0,59.64,7350.5,,,
74,0.8,,,0.7765151480064635,balanced,1,97.0,59.73,7450.5,,,
75,0.72,,,0.8325186405166054,balanced,1,98.0,59.34,7550.5,,,
76,0.69,,,0.8121096388857124,balanced,1,99.0,58.77,7650.5,,,
77,0.8,,,0.8267983916318944,balanced,1,100.0,60.03,7750.5,,,
78,0.55,,,0.7858854608793088,balanced,1,103.0,45.56,7850.5,,,
79,0.5,,,0.7450774736919882,balanced,1,104.0,46.63,7950.5,,,
80,0.49,,,0.7701646117428441,balanced,1,105.0,46.08,8050.5,,,
81,0.44,,,0.7640474241196148,balanced,1,106.0,47.27,8150.5,,,
82,0.48,,,0.7601656181782205,balanced,1,107.0,46.83,8250.5,,,
83,0.41,,,0.7632973250863453,balanced,1,108.0,47.15,8350.5,,,
84,0.76,,,0.8226438308788973,balanced,1,111.0,60.15,8450.5,,,
85,0.78,,,0.7538857335908973,balanced,1,112.0,61.0,8550.5,,,
86,0.77,,,0.7824479824276636,balanced,1,113.0,60.2,8650.5,,,
87,0.75,,,0.8254271674758324,balanced,1,114.0,60.16,8750.5,,,
88,0.78,,,0.813535343364147,balanced,1,115.0,60.58,8850.5,,,
89,0.81,,,0.825555994709871,balanced,1,116.0,60.6,8950.5,,,
90,0.42,,,0.755885391948028,balanced,1,118.0,46.93,9050.5,,,
91,0.46,,,0.7923282253103806,balanced,1,119.0,45.33,9150.5,,,
92,0.5,,,0.7881123384577957,balanced,1,119.0,45.86,9250.5,,,
93,0.56,,,0.8072650099261235,balanced,1,120.0,45.24,9350.5,,,
94,0.54,,,0.7786773815391744,balanced,1,121.0,45.45,9450.5,,,
95,0.48,,,0.8059756732149023,balanced,1,122.0,45.77,9550.5,,,
96,0.86,,,0.814290519514673,balanced,1,123.0,61.37,9650.5,,,
97,0.87,,,0.827597512662285,balanced,1,124.0,61.39,9750.5,,,
98,0.81,,,0.8084386119390897,balanced,1,125.0,60.05,9850.5,,,
99,0.87,,,0.8519699476116243,balanced,1,125.0,60.86,9950.5,,,
100,0.87,,,0.8224331847080588,balanced,1,126.0,61.73,10050.5,,,
101,0.82,,,0.8429674459293165,balanced,1,127.0,60.46,10150.5,,,
102,0.53,,,0.8056388384505087,balanced,1,128.0,46.21,10250.5,,,
103,0.57,,,0.7841238768289992,balanced,1,129.0,45.84,10350.5,,,
104,0.6,,,0.8100888932769877,balanced,1,129.0,44.92,10450.5,,,
105,0.52,,,0.770695548211808,balanced,1,130.0,45.86,10550.5,,,
106,0.51,,,0.7917401571503683,balanced,1,131.0,46.02,10650.5,,,
107,0.46,,,0.7929523697836088,balanced,1,131.0,45.29,10750.5,,,
108,0.92,,,0.8549103073638383,balanced,1,133.0,61.4,10850.5,,,
109,0.92,,,0.8474060796599031,balanced,1,134.0,61.67,10950.5,,,
110,0.85,,,0.8142883851772683,balanced,1,135.0,61.01,11050.5,,,
111,0.93,,,0.7973653803366896,balanced,1,135.0,61.99,11150.5,,,
112,0.86,,,0.8512397411445557,balanced,1,136.0,61.61,11250.5,,,
113,0.88,,,0.815302851819106,balanced,1,137.0,61.91,11350.5,,,
114,0.52,,,0.8005978242181018,balanced,1,138.0,45.13,11450.5,,,
115,0.54,,,0.7741930851846858,balanced,1,139.0,45.35,11550.5,,,
116,0.57,,,0.788777603789703,balanced,1,139.0,45.7,11650.5,,,
117,0.49,,,0.7809251865086272,balanced,1,140.0,45.32,11750.5,,,
118,0.5,,,0.7577606858554544,balanced,1,140.0,45.81,11850.5,,,
119,0.62,,,0.8116918351452018,balanced,1,141.0,45.91,11950.5,,,
120,0.94,,,0.8515031374644998,balanced,1,143.0,61.78,12050.5,,,
121,0.95,,,0.8614187400504038,balanced,1,143.0,61.35,12150.5,,,
122,0.85,,,0.8023188180435735,balanced,1,144.0,61.07,12250.5,,,
123,0.88,,,0.7730507986807581,balanced,1,145.0,60.71,12350.5,,,
124,0.82,,,0.8015821385570889,balanced,1,145.0,61.13,12450.5,,,
125,0.94,,,0.8612945591047089,balanced,1,146.0,61.66,12550.5,,,
126,0.56,,,0.8130344565507206,balanced,1,148.0,45.45,12650.5,,,
127,0.61,,,0.8005934352914699,balanced,1,148.0,45.14,12750.5,,,
128,0.7,,,0.820796616792564,balanced,1,149.0,44.78,12850.5,,,
129,0.61,,,0.7858844645095058,balanced,1,149.0,44.84,12950.5,,,
130,0.52,,,0.8128903747162729,balanced,1,150.0,44.63,13050.5,,,
131,0.63,,,0.8054328692722736,balanced,1,150.0,44.74,13150.5,,,
132,0.81,,,0.7823626503123006,balanced,1,152.0,60.8,13250.5,,,
133,0.9,,,0.8484590498345844,balanced,1,153.0,61.26,13350.5,,,
134,0.87,,,0.8044414994729567,balanced,1,153.0,61.27,13450.5,,,
135,0.9,,,0.8631735200122814,balanced,1,154.0,61.42,13550.5,,,
136,0.91,,,0.8155503624291774,balanced,1,154.0,61.56,13650.5,,,
137,0.93,,,0.8186507526542053,balanced,1,155.0,60.63,13750.5,,,
138,0.54,,,0.8339599030161944,balanced,1,156.0,45.05,13850.5,,,
139,0.53,,,0.801890764542746,balanced,1,157.0,45.39,13950.5,,,
140,0.52,,,0.8048012528922763,balanced,1,157.0,45.05,14050.5,,,
141,0.61,,,0.8150751907178768,balanced,1,158.0,44.99,14150.5,,,
142,0.53,,,0.8106885850201868,balanced,1,158.0,45.35,14250.5,,,
143,0.52,,,0.8121645993274259,balanced,1,159.0,45.36,14350.5,,,
144,0.93,,,0.8051087324235864,balanced,1,160.0,61.7,14450.5,,,
145,0.86,,,0.81566951650435,balanced,1,161.0,61.34,14550.5,,,
146,0.81,,,0.745242369221589,balanced,1,161.0,61.36,14650.5,,,
147,0.9,,,0.7689030170735,balanced,1,162.0,61.7,14750.5,,,
148,0.92,,,0.8302516980733597,balanced,1,163.0,61.72,14850.5,,,
149,0.87,,,0.8418284861835342,balanced,1,163.0,61.55,14950.5,,,
150,0.45,,,0.7751518940534082,balanced,1,164.0,45.79,15050.5,,,
151,0.48,,,0.7993086156103363,balanced,1,165.0,45.74,15150.5,,,
152,0.42,,,0.7985657164872375,balanced,1,165.0,46.37,15250.5,,,
153,0.49,,,0.8035423127065592,balanced,1,166.0,46.05,15350.5,,,
154,0.46,,,0.7903189346528272,balanced,1,166.0,45.74,15450.5,,,
155,0.54,,,0.8051853785792153,balanced,1,167.0,45.4,15550.5,,,
156,0.91,,,0.8442697359738726,balanced,1,168.0,61.12,15650.5,,,
157,0.96,,,0.8340846422975553,balanced,1,168.0,61.33,15750.5,,,
158,0.87,,,0.8071751851383572,balanced,1,169.0,60.95,15850.5,,,
159,0.87,,,0.8128968843704184,balanced,1,169.0,61.27,15950.5,,,
160,0.91,,,0.8521760587747979,balanced,1,170.0,60.97,16050.5,,,
161,0.83,,,0.8168499490542163,balanced,1,170.0,60.3,16150.5,,,
162,0.46,,,0.8131299488852342,balanced,1,171.0,45.16,16250.5,,,
163,0.49,,,0.7675564620758007,balanced,1,172.0,45.78,16350.5,,,
164,0.55,,,0.8147581412810193,balanced,1,172.0,44.99,16450.5,,,
165,0.59,,,0.810623398689568,balanced,1,173.0,44.76,16550.5,,,
166,0.55,,,0.809684280037283,balanced,1,173.0,44.88,16650.5,,,
167,0.58,,,0.7973982802949788,balanced,1,174.0,45.01,16750.5,,,
168,0.9,,,0.8480771133180889,balanced,1,175.0,61.1,16850.5,,,
169,0.87,,,0.8172564888699154,balanced,1,175.0,60.61,16950.5,,,
170,0.89,,,0.8466036713041512,balanced,1,176.0,60.67,17050.5,,,
171,0.9,,,0.8501067822870707,balanced,1,176.0,60.85,17150.5,,,
172,0.9,,,0.8222038356395915,balanced,1,177.0,61.07,17250.5,,,
173,0.84,,,0.8301042606602564,balanced,1,177.0,61.1,17350.5,,,
174,0.53,,,0.7975464079740865,balanced,1,179.0,45.31,17450.5,,,
175,0.5,,,0.7994408871760635,balanced,1,179.0,45.22,17550.5,,,
176,0.47,,,0.8021801000196639,balanced,1,179.0,45.3,17650.5,,,
177,0.5,,,0.7944035751066522,balanced,1,180.0,45.25,17750.5,,,
178,0.46,,,0.768343062384311,balanced,1,180.0,45.69,17850.5,,,
179,0.53,,,0.8001334755167997,balanced,1,181.0,45.3,17950.5,,,
180,0.91,,,0.7999072627354715,balanced,1,182.0,60.74,18050.5,,,
181,0.85,,,0.7789694955781176,balanced,1,183.0,60.87,18150.5,,,
182,0.79,,,0.8486816814855155,balanced,1,183.0,60.36,18250.5,,,
183,0.86,,,0.8247428233373676,balanced,1,183.0,60.7,18350.5,,,
184,0.82,,,0.8074944659812751,balanced,1,184.0,60.17,18450.5,,,
185,0.76,,,0.8508208574206011,balanced,1,184.0,59.82,18550.5,,,
186,0.58,,,0.8288745901776617,balanced,1,185.0,44.93,18650.5,,,
187,0.47,,,0.785207588678929,balanced,1,186.0,45.16,18750.5,,,
188,0.53,,,0.7816055781945069,balanced,1,186.0,44.72,18850.5,,,
189,0.63,,,0.8245895925425487,balanced,1,186.0,44.64,18950.5,,,
190,0.61,,,0.8270009685503837,balanced,1,187.0,44.45,19050.5,,,
191,0.62,,,0.8406916055637674,balanced,1,187.0,44.42,19150.5,,,
192,0.85,,,0.8073538899172786,balanced,1,189.0,60.36,19250.5,,,
193,0.88,,,0.8398464411091248,balanced,1,189.0,61.18,19350.5,,,
194,0.83,,,0.8308228308902172,balanced,1,189.0,60.79,19450.5,,,
195,0.8,,,0.7765685014113721,balanced,1,190.0,61.06,19550.5,,,
196,0.69,,,0.7607119201431546,balanced,1,190.0,58.95,19650.5,,,
197,0.85,,,0.847371746397319,balanced,1,191.0,60.44,19750.5,,,
198,0.57,,,0.8024749752457613,balanced,1,192.0,44.56,19850.5,,,
199,0.66,,,0.7993041882111624,balanced,1,192.0,44.64,19950.5,,,
200,0.54,,,0.7837370839314698,balanced,1,193.0,44.46,20050.5,,,
201,0.61,,,0.7998107526105142,balanced,1,193.0,45.05,20150.5,,,
202,0.58,,,0.8027423276304864,balanced,1,193.0,44.88,20250.5,,,
203,0.6,,,0.8181627162005211,balanced,1,194.0,44.59,20350.5,,,
204,0.74,,,0.8733134732274583,balanced,1,195.0,59.48,20450.5,,,
205,0.77,,,0.767982468259242,balanced,1,195.0,59.66,20550.5,,,
206,0.81,,,0.8164079323453178,balanced,1,196.0,60.1,20650.5,,,
207,0.8,,,0.8089202032184634,balanced,1,196.0,59.97,20750.5,,,
208,0.77,,,0.7712832431907735,balanced,1,197.0,60.13,20850.5,,,
209,0.79,,,0.7607945838888548,balanced,1,197.0,60.39,20950.5,,,
210,0.58,,,0.8379794442688083,balanced,1,198.0,44.81,21050.5,,,
211,0.56,,,0.7896073950377206,balanced,1,199.0,44.62,21150.5,,,
212,0.57,,,0.7575555670553674,balanced,1,199.0,44.72,21250.5,,,
213,0.58,,,0.8249192335320721,balanced,1,199.0,44.68,21350.5,,,
214,0.54,,,0.8000079285510981,balanced,1,200.0,44.9,21450.5,,,
215,0.55,,,0.8158375378132428,balanced,1,200.0,45.06,21550.5,,,
216,0.79,,,0.7812869803759955,balanced,1,201.0,60.34,21650.5,,,
217,0.88,,,0.8368403882929174,balanced,1,202.0,60.87,21750.5,,,
218,0.8,,,0.831622188552789,balanced,1,202.0,60.16,21850.5,,,
219,0.85,,,0.811743349225953,balanced,1,202.0,60.94,21950.5,,,
220,0.85,,,0.8258150451032648,balanced,1,203.0,60.2,22050.5,,,
221,0.79,,,0.8346138984245446,balanced,1,203.0,60.02,22150.5,,,
222,0.62,,,0.8306765633196207,balanced,1,204.0,44.16,22250.5,,,
223,0.59,,,0.8010347652145208,balanced,1,205.0,44.77,22350.5,,,
224,0.57,,,0.8005444866727713,balanced,1,205.0,44.33,22450.5,,,
225,0.7,,,0.851933002881804,balanced,1,205.0,44.17,22550.5,,,
226,0.61,,,0.8173527525116424,balanced,1,206.0,44.76,22650.5,,,
227,0.58,,,0.7948598152005679,balanced,1,206.0,44.87,22750.5,,,
228,0.86,,,0.7825101526509995,balanced,1,207.0,61.75,22850.5,,,
229,0.75,,,0.8495493383617266,balanced,1,207.0,59.65,22950.5,,,
230,0.75,,,0.7761287895205284,balanced,1,208.0,59.93,23050.5,,,
231,0.81,,,0.8568968300370559,balanced,1,208.0,60.9,23150.5,,,
232,0.8,,,0.7963508470612087,balanced,1,208.0,60.73,23250.5,,,
233,0.82,,,0.8834317289667691,balanced,1,209.0,61.14,23350.5,,,
234,0.63,,,0.8367853102966931,balanced,1,210.0,44.08,23450.5,,,
235,0.64,,,0.8122764846247909,balanced,1,210.0,44.71,23550.5,,,
236,0.59,,,0.8268285310014893,balanced,1,211.0,43.95,23650.5,,,
237,0.61,,,0.8046647682490626,balanced,1,211.0,44.31,23750.5,,,
238,0.58,,,0.7814601832603508,balanced,1,211.0,44.36,23850.5,,,
239,0.58,,,0.8011121637984736,balanced,1,212.0,44.42,23950.5,,,
240,0.84,,,0.8090315405090857,balanced,1,213.0,60.64,24050.5,,,
241,0.84,,,0.8529484782732337,balanced,1,213.0,60.61,24150.5,,,
242,0.79,,,0.8076847523182116,balanced,1,213.0,61.24,24250.5,,,
243,0.84,,,0.8819355034955078,balanced,1,214.0,60.25,24350.5,,,
244,0.84,,,0.7686062713873593,balanced,1,214.0,60.89,24450.5,,,
245,0.84,,,0.7751358542531848,balanced,1,214.0,61.13,24550.5,,,
246,0.62,,,0.8189445115398296,balanced,1,215.0,44.65,24650.5,,,
247,0.62,,,0.8037819486912403,balanced,1,216.0,44.11,24750.5,,,
248,0.55,,,0.7577774916257314,balanced,1,216.0,44.19,24850.5,,,
249,0.62,,,0.8268888828971767,balanced,1,216.0,44.55,24950.5,,,
250,0.64,,,0.8225570486992851,balanced,1,217.0,44.16,25050.5,,,
251,0.62,,,0.8750504532440023,balanced,1,217.0,44.37,25150.5,,,
252,0.88,,,0.8615800389155331,balanced,1,218.0,61.76,25250.5,,,
253,0.88,,,0.838641700065467,balanced,1,218.0,61.28,25350.5,,,
254,0.79,,,0.8576459156266362,balanced,1,219.0,60.63,25450.5,,,
255,0.9,,,0.8335984984636571,balanced,1,219.0,62.01,25550.5,,,
256,0.82,,,0.8266956511471183,balanced,1,219.0,61.08,25650.5,,,
257,0.78,,,0.8072301540884348,balanced,1,220.0,61.41,25750.5,,,
258,0.61,,,0.8242072203084431,balanced,1,221.0,44.28,25850.5,,,
259,0.62,,,0.8671817991969227,balanced,1,221.0,44.29,25950.5,,,
260,0.61,,,0.7856395579827853,balanced,1,221.0,44.28,26050.5,,,
261,0.61,,,0.8229995172371424,balanced,1,222.0,43.84,26150.5,,,
262,0.63,,,0.8617125209105542,balanced,1,222.0,44.13,26250.5,,,
263,0.6,,,0.8547206613418522,balanced,1,222.0,44.04,26350.5,,,
264,0.77,,,0.8374696377693988,balanced,1,223.0,59.97,26450.5,,,
265,0.86,,,0.8537534615186988,balanced,1,223.0,61.32,26550.5,,,
266,0.79,,,0.800255292637675,balanced,1,224.0,60.2,26650.5,,,
267,0.79,,,0.8462016690312253,balanced,1,224.0,60.65,26750.5,,,
268,0.82,,,0.8692255224200441,balanced,1,224.0,60.56,26850.5,,,
269,0.75,,,0.798538487917042,balanced,1,225.0,61.0,26950.5,,,
270,0.61,,,0.8083642544068309,balanced,1,226.0,44.33,27050.5,,,
271,0.67,,,0.8216382795854641,balanced,1,226.0,44.18,27150.5,,,
272,0.58,,,0.8205508587351048,balanced,1,226.0,44.83,27250.5,,,
273,0.56,,,0.8036266717177808,balanced,1,227.0,43.93,27350.5,,,
274,0.6,,,0.7661392145055301,balanced,1,227.0,43.82,27450.5,,,
275,0.59,,,0.790480408617716,balanced,1,227.0,43.99,27550.5,,,
276,0.76,,,0.8322835533962178,balanced,1,228.0,60.12,27650.5,,,
277,0.8,,,0.7903622093971242,balanced,1,228.0,61.16,27750.5,,,
278,0.81,,,0.7976580421169307,balanced,1,229.0,60.86,27850.5,,,
279,0.88,,,0.8242646492338527,balanced,1,229.0,62.36,27950.5,,,
280,0.72,,,0.76714515634746,balanced,1,229.0,59.67,28050.5,,,
281,0.78,,,0.806566735023975,balanced,1,230.0,60.97,28150.5,,,
282,0.56,,,0.7901610726874286,balanced,1,230.0,44.45,28250.5,,,
283,0.65,,,0.8003449849408424,balanced,1,231.0,44.95,28350.5,,,
284,0.62,,,0.8078063107549861,balanced,1,231.0,44.25,28450.5,,,
285,0.57,,,0.8002612763898502,balanced,1,231.0,44.1,28550.5,,,
286,0.55,,,0.8154992798916518,balanced,1,232.0,44.11,28650.5,,,
287,0.6,,,0.813489275369986,balanced,1,232.0,44.4,28750.5,,,
288,0.75,,,0.7474851171007917,balanced,1,233.0,60.56,28850.5,,,
289,0.8,,,0.8498880655052954,balanced,1,233.0,60.6,28950.5,,,
290,0.76,,,0.7567639457220696,balanced,1,233.0,60.78,29050.5,,,
291,0.8,,,0.7719020531656958,balanced,1,234.0,61.14,29150.5,,,
292,0.78,,,0.809311451281097,balanced,1,234.0,60.95,29250.5,,,
293,0.77,,,0.7880774522545464,balanced,1,234.0,60.52,29350.5,,,
294,0.6,,,0.8084291704394481,balanced,1,235.0,44.3,29450.5,,,
295,0.57,,,0.8758881011918517,balanced,1,235.0,44.63,29550.5,,,
296,0.58,,,0.8008462107853571,balanced,1,235.0,44.54,29650.5,,,
297,0.62,,,0.8228599278841621,balanced,1,236.0,44.55,29750.5,,,
298,0.56,,,0.8252234827202033,balanced,1,236.0,45.23,29850.5,,,
299,0.61,,,0.8322109423373807,balanced,1,236.0,44.69,29950.5,,,
300,0.75,,,0.8014642797463518,balanced,1,237.0,60.51,30050.5,,,
301,0.83,,,0.7807480847581341,balanced,1,237.0,61.78,30150.5,,,
302,0.79,,,0.8367499729637489,balanced,1,238.0,59.95,30250.5,,,
303,0.74,,,0.7453555099265031,balanced,1,238.0,60.88,30350.5,,,
304,0.74,,,0.7681440149653375,balanced,1,238.0,60.49,30450.5,,,
305,0.85,,,0.870638062264431,balanced,1,239.0,60.77,30550.5,,,
306,0.58,,,0.8769235314981265,balanced,1,239.0,44.3,30650.5,,,
307,0.66,,,0.8660245139953585,balanced,1,239.0,44.07,30750.5,,,
308,0.54,,,0.8439930033704947,balanced,1,240.0,44.73,30850.5,,,
309,0.59,,,0.7998348311718185,balanced,1,240.0,44.68,30950.5,,,
310,0.59,,,0.8194612816455368,balanced,1,240.0,44.87,31050.5,,,
311,0.55,,,0.8735922735666357,balanced,1,241.0,44.93,31150.5,,,
312,0.83,,,0.7730030330988232,balanced,1,241.0,61.54,31250.5,,,
313,0.85,,,0.8103980827205365,balanced,1,242.0,61.73,31350.5,,,
314,0.73,,,0.8147850318834865,balanced,1,242.0,60.06,31450.5,,,
315,0.74,,,0.7832205076008044,balanced,1,242.0,60.55,31550.5,,,
316,0.85,,,0.8486629548490676,balanced,1,242.0,61.62,31650.5,,,
317,0.76,,,0.7609044947047489,balanced,1,243.0,61.12,31750.5,,,
318,0.65,,,0.8358862100757908,balanced,1,243.0,44.65,31850.5,,,
319,0.62,,,0.8379184421947613,balanced,1,244.0,44.5,31950.5,,,
320,0.67,,,0.8177956346743768,balanced,1,244.0,44.25,32050.5,,,
321,0.7,,,0.8354690239019872,balanced,1,244.0,44.55,32150.5,,,
322,0.69,,,0.866933038240736,balanced,1,245.0,44.07,32250.5,,,
323,0.63,,,0.8621390474105304,balanced,1,245.0,44.7,32350.5,,,
324,0.75,,,0.8103232009208114,balanced,1,246.0,60.35,32450.5,,,
325,0.74,,,0.8140112760279481,balanced,1,246.0,60.31,32550.5,,,
326,0.82,,,0.7598664690779825,balanced,1,246.0,61.29,32650.5,,,
327,0.73,,,0.7170333682698548,balanced,1,246.0,60.88,32750.5,,,
328,0.73,,,0.7463682511034019,balanced,1,247.0,61.5,32850.5,,,
329,0.81,,,0.8015967771134209,balanced,1,247.0,61.99,32950.5,,,
330,0.7,,,0.8472123914837879,balanced,1,247.0,44.32,33050.5,,,
331,0.72,,,0.8250766342138434,balanced,1,248.0,44.07,33150.5,,,
332,0.63,,,0.8474039779045693,balanced,1,248.0,44.41,33250.5,,,
333,0.76,,,0.8926594580069601,balanced,1,248.0,44.67,33350.5,,,
334,0.76,,,0.8553405598636483,balanced,1,249.0,43.98,33450.5,,,
335,0.74,,,0.8583478849926707,balanced,1,249.0,44.14,33550.5,,,
336,0.74,,,0.8856920338183918,balanced,1,249.0,60.36,33650.5,,,
337,0.82,,,0.8576423670253936,balanced,1,250.0,61.4,33750.5,,,
338,0.77,,,0.9286007745137814,balanced,1,250.0,60.68,33850.5,,,
339,0.79,,,0.7578042397292015,balanced,1,250.0,60.47,33950.5,,,
340,0.81,,,0.7734500517999013,balanced,1,251.0,61.76,34050.5,,,
341,0.84,,,0.8917349247750256,balanced,1,251.0,61.58,34150.5,,,
342,0.76,,,0.9179184660789483,balanced,1,251.0,43.52,34250.5,,,
343,0.68,,,0.8564745623664016,balanced,1,252.0,43.82,34350.5,,,
344,0.72,,,0.8407295986875456,balanced,1,252.0,43.33,34450.5,,,
345,0.73,,,0.8368236448525901,balanced,1,252.0,43.52,34550.5,,,
346,0.77,,,0.8494531952088539,balanced,1,253.0,43.76,34650.5,,,
347,0.66,,,0.7899312478251242,balanced,1,253.0,43.98,34750.5,,,
348,0.78,,,0.8664052018443789,balanced,1,254.0,60.68,34850.5,,,
349,0.89,,,0.7950627453252246,balanced,1,254.0,62.06,34950.5,,,
350,0.78,,,0.7526642257607162,balanced,1,254.0,61.71,35050.5,,,
351,0.8,,,0.8721370089693515,balanced,1,254.0,60.83,35150.5,,,
352,0.85,,,0.7745920106868865,balanced,1,255.0,62.12,35250.5,,,
353,0.78,,,0.8096490173867702,balanced,1,255.0,60.81,35350.5,,,
354,0.67,,,0.8776462680419732,balanced,1,255.0,43.88,35450.5,,,
355,0.69,,,0.8521824778093584,balanced,1,256.0,44.16,35550.5,,,
356,0.66,,,0.8523626699202188,balanced,1,256.0,44.5,35650.5,,,
357,0.68,,,0.8903138566961165,balanced,1,256.0,44.82,35750.5,,,
358,0.65,,,0.869072097014291,balanced,1,256.0,45.28,35850.5,,,
359,0.64,,,0.8897884497495342,balanced,1,257.0,44.47,35950.5,,,
0,,-0.013200933900967503,1000.0,,balanced,1,,,,-0.012346829680462528,0.06763610785657709,50
1,,0.04498876963276416,1002.76,,balanced,1,,,,0.04519146665465087,0.06003505326807499,149.5
2,,0.10037736680358648,1020.6,,balanced,1,,,,0.10008170567452908,0.053599457517266275,249.5
3,,0.14590960174798964,1040.93,,balanced,1,,,,0.14649764232337475,0.05571962535381317,349.5
4,,0.18873661309480666,1061.2,,balanced,1,,,,0.1888696849346161,0.05571089278906584,449.5
5,,0.22617155194282532,1080.81,,balanced,1,,,,0.2259111897647381,0.050711397789418695,549.5
6,,0.2695247912406921,1102.71,,balanced,1,,,,0.26953978061676026,0.05016629565507173,649.5
7,,0.2867067588865757,1122.97,,balanced,1,,,,0.28653199538588525,0.06351077664643526,749.5
8,,0.3151672324538231,1144.28,,balanced,1,,,,0.31565599352121354,0.06248546160757542,849.5
9,,0.34431242048740385,1166.58,,balanced,1,,,,0.34359307408332823,0.06344806056469679,949.5
10,,0.38231852620840073,1189.03,,balanced,1,,,,0.3829337194561958,0.06672659691423177,1049.5
11,,0.4257641592621803,1211.66,,balanced,1,,,,0.4251636466383934,0.07211641144007444,1149.5
12,,0.47574169039726255,1253.02,,balanced,1,,,,0.47584708154201505,0.06881038684397936,1249.5
13,,0.5297512772679329,1349.55,,balanced,1,,,,0.5302695679664612,0.07316837005317212,1349.5
14,,0.5897807639837265,1449.6,,balanced,1,,,,0.589198243021965,0.06512114152312279,1449.5
15,,0.6365019303560256,1549.54,,balanced,1,,,,0.6366468107700348,0.061142878867685796,1549.5
16,,0.6796670061349869,1649.58,,balanced,1,,,,0.6794517374038697,0.05937173716723919,1649.5
17,,0.7196124017238616,1749.54,,balanced,1,,,,0.7198071390390396,0.05479457374662161,1749.5
18,,0.7618361276388168,1849.57,,balanced,1,,,,0.7617696493864059,0.053620367608964443,1849.5
19,,0.8023411858081818,1949.54,,balanced,1,,,,0.8022933340072632,0.056304539069533345,1949.5
20,,0.8403959214687348,2049.62,,balanced,1,,,,0.8403217881917954,0.05595565047115088,2049.5
21,,0.8792683362960816,2149.56,,balanced,1,,,,0.8788818627595901,0.05190161637961865,2149.5
22,,0.9159934836626052,2249.56,,balanced,1,,,,0.9161114639043808,0.05241970926523209,2249.5
23,,0.9521742582321167,2349.56,,balanced,1,,,,0.9520674777030945,0.0523407206684351,2349.5
24,,0.9866830068826675,2449.6,,balanced,1,,,,0.9869685059785843,0.05251704681664705,2449.5
25,,1.0231329303979875,2549.58,,balanced,1,,,,1.0230779427289962,0.053524660877883434,2549.5
26,,1.0545015639066697,2649.58,,balanced,1,,,,1.0541226148605347,0.05135580837726593,2649.5
27,,1.0866980528831482,2749.55,,balanced,1,,,,1.0870246982574463,0.05227933041751385,2749.5
28,,1.123204369544983,2849.52,,balanced,1,,,,1.1231772601604462,0.05129902094602585,2849.5
29,,1.1583244287967682,2949.53,,balanced,1,,,,1.1579506361484528,0.05112606305629015,2949.5
30,,1.18626850605011,3049.54,,balanced,1,,,,1.1863113713264466,0.05555068202316761,3049.5
31,,1.2154861330986022,3149.56,,balanced,1,,,,1.2158556437492372,0.0515696857124567,3149.5
32,,1.2497824203968049,3249.6,,balanced,1,,,,1.2493827986717223,0.04917933512479067,3249.5
33,,1.2777404844760896,3349.56,,balanced,1,,,,1.278061716556549,0.054970579892396926,3349.5
34,,1.3016385519504547,3449.63,,balanced,1,,,,1.3014692318439485,0.053102459907531735,3449.5
35,,1.3214320135116577,3549.56,,balanced,1,,,,1.3213880264759064,0.05354203477501869,3549.5
36,,1.3451004493236542,3649.58,,balanced,1,,,,1.3452362704277039,0.056449555605649945,3649.5
37,,1.3723903799057007,3749.6,,balanced,1,,,,1.3722588098049164,0.05057396162301302,3749.5
38,,1.3964178609848021,3849.62,,balanced,1,,,,1.397115787267685,0.052338556684553623,3849.5
39,,1.4168711268901826,3949.59,,balanced,1,,,,1.4164573311805726,0.05390980616211891,3949.5
40,,1.4364776408672333,4049.63,,balanced,1,,,,1.4362657904624938,0.05150478940457106,4049.5
41,,1.448654693365097,4149.63,,balanced,1,,,,1.449107484817505,0.055142964459955694,4149.5
42,,1.4692084050178529,4249.55,,balanced,1,,,,1.4690194606781006,0.054326884783804416,4249.5
43,,1.4893182373046876,4349.63,,balanced,1,,,,1.4895547652244567,0.055838162042200566,4349.5
44,,1.5093326687812805,4449.57,,balanced,1,,,,1.508894031047821,0.05686779547482729,4449.5
45,,1.5290667498111725,4549.6,,balanced,1,,,,1.5299876248836517,0.05618547111749649,4549.5
46,,1.5480947601795196,4649.61,,balanced,1,,,,1.5472429835796355,0.059664536379277704,4649.5
47,,1.5630446374416351,4749.62,,balanced,1,,,,1.5633761501312256,0.056522428058087826,4749.5
48,,1.5795390832424163,4849.59,,balanced,1,,,,1.579797260761261,0.05260306540876627,4849.5
49,,1.6023026418685913,4949.59,,balanced,1,,,,1.602285088300705,0.05639899641275406,4949.5
50,,1.609778664112091,5049.59,,balanced,1,,,,1.6097252202033996,0.05583573751151562,5049.5
51,,1.6244292950630188,5149.57,,balanced,1,,,,1.6249050188064575,0.05749767176806927,5149.5
52,,1.6317136538028718,5249.53,,balanced,1,,,,1.6312717926502227,0.05647487226873636,5249.5
53,,1.6498917329311371,5349.55,,balanced,1,,,,1.649570436477661,0.059776501804590224,5349.5
54,,1.6542090463638306,5449.55,,balanced,1,,,,1.6545909774303436,0.05990001987665892,5449.5
55,,1.6695565330982207,5549.58,,balanced,1,,,,1.6696307456493378,0.058532075583934785,5549.5
56,,1.6807463812828063,5649.59,,balanced,1,,,,1.68110666513443,0.05706626243889332,5649.5
57,,1.7005311584472655,5749.6,,balanced,1,,,,1.700124156475067,0.05573478374630213,5749.5
58,,1.7132969725131988,5849.59,,balanced,1,,,,1.713897738456726,0.05705250330269337,5849.5
59,,1.7233752763271333,5949.55,,balanced,1,,,,1.7232573974132537,0.05700484156608582,5949.5
60,,1.7408415699005126,6049.57,,balanced,1,,,,1.7407361590862274,0.056367051303386685,6049.5
61,,1.7519787788391112,6149.56,,balanced,1,,,,1.752725214958191,0.05500911559909582,6149.5
62,,1.764426245689392,6249.59,,balanced,1,,,,1.7642737305164338,0.05825620919466019,6249.5
63,,1.7765844786167144,6349.58,,balanced,1,,,,1.7766137266159057,0.05973585940897465,6349.5
64,,1.7853553628921508,6449.79,,balanced,1,,,,1.785259140729904,0.05967591602355242,6449.5
65,,1.7954538428783418,6549.6,,balanced,1,,,,1.7958874201774597,0.05535076580941677,6549.5
66,,1.8036049902439117,6649.61,,balanced,1,,,,1.8032729387283326,0.05500285919755697,6649.5
67,,1.80891627907753,6749.59,,balanced,1,,,,1.8092100489139558,0.06002600561827421,6749.5
68,,1.8167255020141602,6849.58,,balanced,1,,,,1.8169741773605346,0.06372143492102623,6849.5
69,,1.8332555651664735,6949.62,,balanced,1,,,,1.8329730212688446,0.05627865262329578,6949.5
70,,1.8352319085597992,7049.61,,balanced,1,,,,1.8351405477523803,0.057035335302352906,7049.5
71,,1.8437963688373566,7149.59,,balanced,1,,,,1.84353657245636,0.05698610473424196,7149.5
72,,1.8550625514984131,7249.61,,balanced,1,,,,1.8551351642608642,0.06105376604944467,7249.5
73,,1.8595111227035523,7349.62,,balanced,1,,,,1.859777992963791,0.06022049557417631,7349.5
74,,1.8689957165718079,7449.61,,balanced,1,,,,1.8694849359989165,0.06127518467605114,7449.5
75,,1.8778064715862275,7549.58,,balanced,1,,,,1.8772166788578033,0.06295861493796111,7549.5
76,,1.890783029794693,7649.56,,balanced,1,,,,1.8905745196342467,0.05745871592313051,7649.5
77,,1.8991487002372742,7749.56,,balanced,1,,,,1.899474720954895,0.056147439405322075,7749.5
78,,1.9076703310012817,7849.59,,balanced,1,,,,1.9072990119457245,0.057765992246568205,7849.5
79,,1.9079439103603364,7949.58,,balanced,1,,,,1.9081028985977173,0.061333029419183734,7949.5
80,,1.9161408817768097,8049.61,,balanced,1,,,,1.9160255229473113,0.05872644182294607,8049.5
81,,1.9297351706027985,8149.63,,balanced,1,,,,1.9299447679519652,0.05435691226273775,8149.5
82,,1.9332017803192139,8249.57,,balanced,1,,,,1.9333457171916961,0.05905948791652918,8249.5
83,,1.941614944934845,8349.56,,balanced,1,,,,1.9414777207374572,0.056653168760240076,8349.5
84,,1.9418447482585908,8449.63,,balanced,1,,,,1.941409319639206,0.06377400275319815,8449.5
85,,1.951535484790802,8549.58,,balanced,1,,,,1.9512865805625916,0.059868174381554125,8549.5
86,,1.9597792184352876,8649.56,,balanced,1,,,,1.960207804441452,0.058488036766648294,8649.5
87,,1.963229306936264,8749.57,,balanced,1,,,,1.9626122939586639,0.05785116855055094,8749.5
88,,1.9723316717147827,8849.54,,balanced,1,,,,1.9735335445404052,0.05941182054579258,8849.5
89,,1.9741191017627715,8949.58,,balanced,1,,,,1.9738043308258058,0.06163754913955927,8949.5
90,,1.9790674912929536,9049.56,,balanced,1,,,,1.9794458162784576,0.05786103568971157,9049.5
91,,1.9845871233940124,9149.58,,balanced,1,,,,1.9841564226150512,0.05726928610354662,9149.5
92,,1.996519455909729,9249.55,,balanced,1,,,,1.9965254366397858,0.053817391581833365,9249.5
93,,2.0016167867183685,9349.56,,balanced,1,,,,2.001976864337921,0.056585106402635574,9349.5
94,,2.0082168781757357,9449.58,,balanced,1,,,,2.008243145942688,0.0575674582272768,9449.5
95,,2.0073998749256132,9549.59,,balanced,1,,,,2.007694672346115,0.06385146640241146,9549.5
96,,2.0048244285583494,9649.57,,balanced,1,,,,2.004725687503815,0.05998771876096726,9649.5
97,,2.01506112575531,9749.6,,balanced,1,,,,2.0151796174049377,0.058114800192415716,9749.5
98,,2.0172805333137513,9849.57,,balanced,1,,,,2.016938936710358,0.062497143223881724,9849.5
99,,2.0190405869483947,9949.75,,balanced,1,,,,2.0192421972751617,0.062387191131711005,9949.5
100,,2.0205809795856475,10049.63,,balanced,1,,,,2.020928304195404,0.05965615313500166,10049.5
101,,2.029445881843567,10149.54,,balanced,1,,,,2.028889651298523,0.05821751680225134,10149.5
102,,2.026631109714508,10249.75,,balanced,1,,,,2.027420380115509,0.06157229099422693,10249.5
103,,2.0366131460666654,10349.72,,balanced,1,,,,2.0360966503620146,0.0592589158937335,10349.5
104,,2.0454791462421418,10449.9,,balanced,1,,,,2.0454014885425567,0.057960049472749235,10449.5
105,,2.0415369629859925,10549.95,,balanced,1,,,,2.0413019275665283,0.057256919629871846,10549.5
106,,2.042263648509979,10649.92,,balanced,1,,,,2.0432210052013398,0.06078934520483017,10649.5
107,,2.0516687774658204,10750.09,,balanced,1,,,,2.0509698331356048,0.05505684021860361,10749.5
108,,2.0519207382202147,10850.21,,balanced,1,,,,2.0523292565345765,0.06000703852623701,10849.5
109,,2.0582950091362,10950.08,,balanced,1,,,,2.058190665245056,0.05658626154065132,10949.5
110,,2.0621214151382445,11050.02,,balanced,1,,,,2.062728798389435,0.05770275138318539,11049.5
111,,2.060976803302765,11150.36,,balanced,1,,,,2.0603516614437103,0.0635278993099928,11149.5
112,,2.059163419008255,11250.48,,balanced,1,,,,2.0594887566566467,0.06089074701070785,11249.5
113,,2.0677166986465454,11350.28,,balanced,1,,,,2.0672324323654174,0.05801795624196529,11349.5
114,,2.0590513920783997,11450.18,,balanced,1,,,,2.0589883804321287,0.059263922944664954,11449.5
115,,2.067980396747589,11550.64,,balanced,1,,,,2.0675054740905763,0.05889286514371633,11549.5
116,,2.0711643958091734,11650.74,,balanced,1,,,,2.0709247636795043,0.059948880337178705,11649.5
117,,2.0723035550117492,11750.47,,balanced,1,,,,2.0724853444099427,0.056630629412829876,11749.5
118,,2.083417925834656,11851.34,,balanced,1,,,,2.08273845911026,0.05309539299458265,11849.5
119,,2.081953809261322,11952.17,,balanced,1,,,,2.0827221179008486,0.05715433359146118,11949.5
120,,2.0882955837249755,12052.95,,balanced,1,,,,2.0876358222961424,0.055857950150966645,12049.5
121,,2.088236594200134,12154.19,,balanced,1,,,,2.088247356414795,0.05391729608178139,12149.5
122,,2.0903615522384644,12255.44,,balanced,1,,,,2.0908580160140993,0.06080669734627008,12249.5
123,,2.094546413421631,12356.56,,balanced,1,,,,2.094129981994629,0.058843013271689414,12349.5
124,,2.093254942893982,12457.36,,balanced,1,,,,2.093411240577698,0.057657155245542525,12449.5
125,,2.098470034599304,12560.1,,balanced,1,,,,2.098063836097717,0.05520850926637649,12549.5
126,,2.0981065082550048,12661.35,,balanced,1,,,,2.098287127017975,0.05626589994877577,12649.5
127,,2.106482300758362,12764.16,,balanced,1,,,,2.106565728187561,0.05781278382986784,12749.5
128,,2.1066725182533266,12870.28,,balanced,1,,,,2.1065222692489622,0.055873949974775315,12849.5
129,,2.0996336722373963,12977.54,,balanced,1,,,,2.1007065629959105,0.06221379149705172,12949.5
130,,2.1068122506141664,13083.3,,balanced,1,,,,2.1062665963172913,0.058573963455855846,13049.5
131,,2.1087879657745363,13190.86,,balanced,1,,,,2.1087682700157164,0.0577290827780962,13149.5
132,,2.102278861999512,13299.32,,balanced,1,,,,2.101961634159088,0.0629533363506198,13249.5
133,,2.110249960422516,13411.52,,balanced,1,,,,2.110214467048645,0.05745819181203842,13349.5
134,,2.1152864265441895,13521.95,,balanced,1,,,,2.115447645187378,0.05480655185878277,13449.5
135,,2.1170837473869324,13636.75,,balanced,1,,,,2.1169163680076597,0.057591155953705314,13549.5
136,,2.114017140865326,13750.96,,balanced,1,,,,2.113294801712036,0.056529102213680744,13649.5
137,,2.1206288957595825,13860.13,,balanced,1,,,,2.120711212158203,0.05320821803063154,13749.5
138,,2.1184731578826903,13969.24,,balanced,1,,,,2.118827202320099,0.05489793512970209,13849.5
139,,2.1190451765060425,14082.51,,balanced,1,,,,2.118573617935181,0.06012684691697359,13949.5
140,,2.1252407932281496,14197.95,,balanced,1,,,,2.1253776216506957,0.05513473264873028,14049.5
141,,2.122633879184723,14314.03,,balanced,1,,,,2.123082115650177,0.05726791176944971,14149.5
142,,2.1246723103523255,14427.9,,balanced,1,,,,2.124509699344635,0.056487106271088126,14249.5
143,,2.127246608734131,14544.44,,balanced,1,,,,2.127766809463501,0.05727386377751827,14349.5
144,,2.125814292430878,14662.56,,balanced,1,,,,2.1255738067626955,0.06030556969344616,14449.5
145,,2.124734845161438,14779.99,,balanced,1,,,,2.124762713909149,0.05976503275334835,14549.5
146,,2.129905388355255,14896.41,,balanced,1,,,,2.130086135864258,0.05734830819070339,14649.5
147,,2.1335810136795046,15015.31,,balanced,1,,,,2.1336585116386413,0.05622376747429371,14749.5
148,,2.1355176424980162,15138.15,,balanced,1,,,,2.135766956806183,0.0554212624207139,14849.5
149,,2.135566756725311,15258.48,,balanced,1,,,,2.1349729919433593,0.05496155615895987,14949.5
150,,2.135687892436981,15378.52,,balanced,1,,,,2.1357538175582884,0.054872702434659006,15049.5
151,,2.1343494033813477,15500.34,,balanced,1,,,,2.13447713136673,0.05443900976330042,15149.5
152,,2.138685827255249,15623.97,,balanced,1,,,,2.1390238499641416,0.05658162508159876,15249.5
153,,2.1383175468444824,15749.81,,balanced,1,,,,2.1379805254936217,0.0562603547424078,15349.5
154,,2.1459212732315063,15877.91,,balanced,1,,,,2.145976715087891,0.05566442172974348,15449.5
155,,2.1435513639450074,16006.57,,balanced,1,,,,2.143963830471039,0.056269895657896994,15549.5
156,,2.145157182216644,16132.9,,balanced,1,,,,2.144056758880615,0.05482623167335987,15649.5
157,,2.1433048009872437,16258.9,,balanced,1,,,,2.1437579679489134,0.059699137695133686,15749.5
158,,2.146247127056122,16391.62,,balanced,1,,,,2.146292335987091,0.0579803997091949,15849.5
159,,2.1474249291419985,16520.14,,balanced,1,,,,2.147537262439728,0.055774114280939105,15949.5
160,,2.1432158756256103,16650.03,,balanced,1,,,,2.1436582589149475,0.0540786062553525,16049.5
161,,2.1514876866340638,16780.83,,balanced,1,,,,2.151935522556305,0.055452254191040995,16149.5
162,,2.1544243717193603,16913.23,,balanced,1,,,,2.1540261840820314,0.05563445720821619,16249.5
163,,2.1538625144958496,17046.9,,balanced,1,,,,2.153954484462738,0.054361150749027726,16349.5
164,,2.152731623649597,17184.45,,balanced,1,,,,2.1528425431251526,0.055590721145272255,16449.5
165,,2.150354092121124,17320.91,,balanced,1,,,,2.1501311445236206,0.059707963354885575,16549.5
166,,2.1538613843917847,17457.57,,balanced,1,,,,2.153560767173767,0.05937290035188198,16649.5
167,,2.1583586716651917,17593.89,,balanced,1,,,,2.1579258942604067,0.05233966225758195,16749.5
168,,2.1560265755653383,17730.98,,balanced,1,,,,2.1559892320632934,0.05501392055302858,16849.5
169,,2.158960943222046,17869.52,,balanced,1,,,,2.159736306667328,0.05585765197873115,16949.5
170,,2.162036745548248,18010.0,,balanced,1,,,,2.1617042064666747,0.05320889201015234,17049.5
171,,2.1593854427337646,18151.66,,balanced,1,,,,2.1596573567390442,0.057458001114428045,17149.5
172,,2.1622539067268374,18292.09,,balanced,1,,,,2.1623659324645996,0.05248460583388805,17249.5
173,,2.1596019744873045,18432.45,,balanced,1,,,,2.159197688102722,0.05844715867191553,17349.5
174,,2.159641921520233,18573.21,,balanced,1,,,,2.160524652004242,0.058728969655930996,17449.5
175,,2.166197271347046,18720.75,,balanced,1,,,,2.165639326572418,0.05846955243498087,17549.5
176,,2.1621069860458375,18861.39,,balanced,1,,,,2.1622983980178834,0.05556882496923208,17649.5
177,,2.158327193260193,18995.51,,balanced,1,,,,2.158537311553955,0.05622226536273956,17749.5
178,,2.160358200073242,19130.34,,balanced,1,,,,2.15997775554657,0.0577046849951148,17849.5
179,,2.1600907397270204,19266.06,,balanced,1,,,,2.160227401256561,0.05716944944113493,17949.5
180,,2.1582734107971193,19407.84,,balanced,1,,,,2.1582221508026125,0.05827349592000246,18049.5
181,,2.1629716181755065,19549.86,,balanced,1,,,,2.1630384302139283,0.05275572389364243,18149.5
182,,2.161845855712891,19696.09,,balanced,1,,,,2.161782259941101,0.05353563763201237,18249.5
183,,2.160622093677521,19838.26,,balanced,1,,,,2.160684711933136,0.054967361725866797,18349.5
184,,2.164099335670471,19980.49,,balanced,1,,,,2.164312062263489,0.05253397565335036,18449.5
185,,2.1638314056396486,20128.67,,balanced,1,,,,2.1638733410835265,0.05141197040677071,18549.5
186,,2.1659517765045164,20277.07,,balanced,1,,,,2.165671751499176,0.05297346092760563,18649.5
187,,2.164030737876892,20426.96,,balanced,1,,,,2.1646229934692385,0.052352210972458124,18749.5
188,,2.1690822863578796,20578.68,,balanced,1,,,,2.1685031819343568,0.05491758335381746,18849.5
189,,2.1634724068641664,20735.62,,balanced,1,,,,2.164472932815552,0.055235150158405306,18949.5
190,,2.1727194595336914,20896.0,,balanced,1,,,,2.171963291168213,0.050530081912875176,19049.5
191,,2.1713422417640684,21060.19,,balanced,1,,,,2.1713449692726137,0.052241499796509744,19149.5
192,,2.166168415546417,21217.32,,balanced,1,,,,2.166683511734009,0.05616538532078266,19249.5
193,,2.170407099723816,21378.23,,balanced,1,,,,2.170320539474487,0.053826340176165104,19349.5
194,,2.1696665287017822,21541.14,,balanced,1,,,,2.169284462928772,0.05550979185849428,19449.5
195,,2.168067605495453,21704.59,,balanced,1,,,,2.168665289878845,0.055360573269426824,19549.5
196,,2.1675467014312746,21871.41,,balanced,1,,,,2.1671919345855715,0.055593537278473375,19649.5
197,,2.169685273170471,22039.49,,balanced,1,,,,2.169731500148773,0.05258083045482635,19749.5
198,,2.168017339706421,22209.42,,balanced,1,,,,2.16788854598999,0.058252194374799726,19849.5
199,,2.1712712621688843,22377.34,,balanced,1,,,,2.1707420253753664,0.05267943751066923,19949.5
200,,2.1724910068511964,22547.69,,balanced,1,,,,2.1728729701042173,0.048889354653656486,20049.5
201,,2.1723607563972473,22718.84,,balanced,1,,,,2.172154543399811,0.05148391723632813,20149.5
202,,2.173023109436035,22892.34,,balanced,1,,,,2.173360755443573,0.05131769169121981,20249.5
203,,2.173963692188263,23069.36,,balanced,1,,,,2.174025659561157,0.05654688946902752,20349.5
204,,2.173441996574402,23243.12,,balanced,1,,,,2.1733058309555053,0.05202015157788992,20449.5
205,,2.1754041171073912,23419.15,,balanced,1,,,,2.175753643512726,0.05181493839249015,20549.5
206,,2.1745722675323487,23591.14,,balanced,1,,,,2.174301362037659,0.05259185906499624,20649.5
207,,2.1713398838043214,23769.43,,balanced,1,,,,2.171883237361908,0.05329116858541966,20749.5
208,,2.1766449356079103,23950.11,,balanced,1,,,,2.177005331516266,0.05426637932658195,20849.5
209,,2.1815947914123535,24130.13,,balanced,1,,,,2.1806399202346802,0.05280125796794891,20949.5
210,,2.1722200083732606,24307.62,,balanced,1,,,,2.1728609871864317,0.05715577747672796,21049.5
211,,2.1735822129249573,24481.76,,balanced,1,,,,2.1736476612091065,0.05498945489525795,21149.5
212,,2.1767606592178343,24663.53,,balanced,1,,,,2.1769110560417175,0.052795354910194874,21249.5
213,,2.176270225048065,24847.38,,balanced,1,,,,2.175671355724335,0.05235716342926025,21349.5
214,,2.1764810848236085,25026.02,,balanced,1,,,,2.176632022857666,0.052125327996909616,21449.5
215,,2.1743566036224364,25209.92,,balanced,1,,,,2.1745291209220885,0.05394703060388565,21549.5
216,,2.1804119420051573,25396.07,,balanced,1,,,,2.1805927681922914,0.05196987524628639,21649.5
217,,2.177593216896057,25585.83,,balanced,1,,,,2.177805562019348,0.05340360283851624,21749.5
218,,2.1799799036979675,25777.88,,balanced,1,,,,2.1796731972694396,0.051730127707123756,21849.5
219,,2.1811186718940734,25968.29,,balanced,1,,,,2.1814911270141604,0.050672650076448916,21949.5
220,,2.1805807757377624,26158.06,,balanced,1,,,,2.1804150462150576,0.052482977975159883,22049.5
221,,2.1810085153579712,26349.72,,balanced,1,,,,2.1811050295829775,0.05322327502071857,22149.5
222,,2.182361123561859,26545.54,,balanced,1,,,,2.182135305404663,0.051855054460465906,22249.5
223,,2.181517243385315,26740.53,,balanced,1,,,,2.1819994020462037,0.05626996275037527,22349.5
224,,2.1861222553253175,26937.08,,balanced,1,,,,2.1856858277320863,0.04855601297691464,22449.5
225,,2.182011134624481,27134.32,,balanced,1,,,,2.1821932435035705,0.05173323348164558,22549.5
226,,2.1868179631233216,27335.87,,balanced,1,,,,2.1872136187553406,0.05143466826528311,22649.5
227,,2.1853913187980654,27538.82,,balanced,1,,,,2.1853713059425353,0.05432283774018288,22749.5
228,,2.186505239009857,27734.08,,balanced,1,,,,2.186073007583618,0.053817053623497486,22849.5
229,,2.1849563407897947,27935.85,,balanced,1,,,,2.1851623272895813,0.052435175888240336,22949.5
230,,2.1857161116600037,28142.35,,balanced,1,,,,2.1859765791893007,0.04982767947018146,23049.5
231,,2.182417664527893,28347.93,,balanced,1,,,,2.1822023367881775,0.054137846156954765,23149.5
232,,2.186954851150513,28555.32,,balanced,1,,,,2.187179946899414,0.049600679222494365,23249.5
233,,2.190748836994171,28765.24,,balanced,1,,,,2.1909961795806883,0.048783287219703195,23349.5
234,,2.1887866497039794,28971.02,,balanced,1,,,,2.1879572749137877,0.05334463769569993,23449.5
235,,2.1863857674598695,29177.81,,balanced,1,,,,2.1865419292449952,0.05355999318882823,23549.5
236,,2.1863796973228453,29387.85,,balanced,1,,,,2.185893425941467,0.05607168938964605,23649.5
237,,2.1879567193984983,29600.17,,balanced,1,,,,2.188345320224762,0.0530858651176095,23749.5
238,,2.191445505619049,29814.65,,balanced,1,,,,2.1918060970306397,0.05091010242700577,23849.5
239,,2.1876623582839967,30030.88,,balanced,1,,,,2.187965567111969,0.05270192798227072,23949.5
240,,2.1881621885299682,30249.54,,balanced,1,,,,2.1880714440345765,0.0532215191796422,24049.5
241,,2.1874056315422057,30467.76,,balanced,1,,,,2.1879821848869323,0.05099426940083504,24149.5
242,,2.1909876322746276,30685.6,,balanced,1,,,,2.190500054359436,0.05200761970132589,24249.5
243,,2.191181457042694,30901.26,,balanced,1,,,,2.191427230834961,0.048815997838974,24349.5
244,,2.1880109310150146,31120.02,,balanced,1,,,,2.188268551826477,0.053877204954624176,24449.5
245,,2.1906128120422363,31342.87,,balanced,1,,,,2.190700287818909,0.05166176116093993,24549.5
246,,2.1899405765533446,31567.87,,balanced,1,,,,2.1899034357070923,0.051713640652596954,24649.5
247,,2.1912606549263,31797.32,,balanced,1,,,,2.190939362049103,0.05090231038630009,24749.5
248,,2.1885238480567932,32026.25,,balanced,1,,,,2.1888722872734068,0.05355454232543707,24849.5
249,,2.1896482133865356,32256.93,,balanced,1,,,,2.1903470063209536,0.05447870660573244,24949.5
250,,2.1883206725120545,32489.95,,balanced,1,,,,2.1879738092422487,0.054436988346278664,25049.5
251,,2.187023732662201,32724.95,,balanced,1,,,,2.187035777568817,0.05448903173208237,25149.5
252,,2.1875702357292175,32959.57,,balanced,1,,,,2.1874880313873293,0.05146338986232877,25249.5
253,,2.185113079547882,33195.6,,balanced,1,,,,2.1851528024673463,0.05285011302679777,25349.5
254,,2.1871001958847045,33436.63,,balanced,1,,,,2.1876654267311095,0.051920759603381154,25449.5
255,,2.1852180433273314,33674.35,,balanced,1,,,,2.1851952338218688,0.053603722527623174,25549.5
256,,2.1875063371658325,33912.85,,balanced,1,,,,2.1876422929763795,0.05305329635739327,25649.5
257,,2.1881723618507385,34149.09,,balanced,1,,,,2.1881339359283447,0.05274387747049332,25749.5
258,,2.1855843114852904,34390.98,,balanced,1,,,,2.185095875263214,0.056813473887741564,25849.5
259,,2.183215310573578,34631.59,,balanced,1,,,,2.183745491504669,0.05250435162335634,25949.5
260,,2.187795934677124,34874.05,,balanced,1,,,,2.188013343811035,0.051408729366958145,26049.5
261,,2.184194006919861,35125.74,,balanced,1,,,,2.1841334319114685,0.0521450612321496,26149.5
262,,2.187071237564087,35371.5,,balanced,1,,,,2.1870518589019774,0.05243429746478796,26249.5
263,,2.1847506833076475,35622.6,,balanced,1,,,,2.184478397369385,0.05594326488673687,26349.5
264,,2.182420542240143,35869.77,,balanced,1,,,,2.182755997180939,0.05481877569109202,26449.5
265,,2.1838319420814516,36115.6,,balanced,1,,,,2.183889636993408,0.05415571663528681,26549.5
266,,2.18198805809021,36361.85,,balanced,1,,,,2.181641843318939,0.0565293337777257,26649.5
267,,2.1866230177879333,36611.09,,balanced,1,,,,2.187086615562439,0.051390593387186524,26749.5
268,,2.1819204616546632,36858.38,,balanced,1,,,,2.1823430633544922,0.054403397738933566,26849.5
269,,2.184338572025299,37103.51,,balanced,1,,,,2.1839047336578368,0.05366925310343504,26949.5
270,,2.183012456893921,37356.82,,balanced,1,,,,2.183020374774933,0.05387215677648783,27049.5
271,,2.183671278953552,37615.94,,balanced,1,,,,2.184313750267029,0.05196924526244402,27149.5
272,,2.1842926692962648,37871.22,,balanced,1,,,,2.1837666416168213,0.05382583040744066,27249.5
273,,2.18550173997879,38133.97,,balanced,1,,,,2.1859584927558897,0.05317272214218974,27349.5
274,,2.1843481469154358,38392.99,,balanced,1,,,,2.1845150852203368,0.05308260217308998,27449.5
275,,2.179805779457092,38663.39,,balanced,1,,,,2.179648196697235,0.058288652412593366,27549.5
276,,2.1822777557373048,38935.52,,balanced,1,,,,2.181839950084686,0.05459861814975739,27649.5
277,,2.182568407058716,39206.79,,balanced,1,,,,2.183363597393036,0.05814038179814816,27749.5
278,,2.1853236842155455,39480.16,,balanced,1,,,,2.185367522239685,0.053691933304071425,27849.5
279,,2.1831863570213317,39752.12,,balanced,1,,,,2.183295500278473,0.05001026343554258,27949.5
280,,2.18405492067337,40019.55,,balanced,1,,,,2.1840960073471067,0.05148552494123578,28049.5
281,,2.1841375374794008,40291.73,,balanced,1,,,,2.1842325091362,0.05191796313971281,28149.5
282,,2.1831085014343263,40558.1,,balanced,1,,,,2.1829538226127623,0.05841117314994335,28249.5
283,,2.1844807648658753,40829.65,,balanced,1,,,,2.1841971349716185,0.05199747134000063,28349.5
284,,2.177712104320526,41105.13,,balanced,1,,,,2.178426718711853,0.05582939814776182,28449.5
285,,2.1851252341270446,41378.78,,balanced,1,,,,2.184885458946228,0.05323199227452278,28549.5
286,,2.180962793827057,41655.79,,balanced,1,,,,2.1813187551498414,0.05292341638356447,28649.5
287,,2.181712579727173,41938.44,,balanced,1,,,,2.181875140666962,0.05556546486914158,28749.5
288,,2.1802698612213134,42216.06,,balanced,1,,,,2.1801718974113466,0.05617875449359417,28849.5
289,,2.178271245956421,42495.46,,balanced,1,,,,2.1783287525177,0.05610959462821483,28949.5
290,,2.1840972876548768,42776.11,,balanced,1,,,,2.1842462110519407,0.052286464795470236,29049.5
291,,2.1804601407051085,43059.96,,balanced,1,,,,2.1808028340339662,0.051960165537893774,29149.5
292,,2.183223831653595,43344.29,,balanced,1,,,,2.1825873470306396,0.05346902433782816,29249.5
293,,2.1799643063545227,43625.88,,balanced,1,,,,2.1804834628105163,0.054812467992305755,29349.5
294,,2.1811489844322205,43913.27,,balanced,1,,,,2.1816900396347045,0.05334883186966181,29449.5
295,,2.180229012966156,44202.91,,balanced,1,,,,2.1799097990989686,0.057338887676596645,29549.5
296,,2.179689552783966,44484.38,,balanced,1,,,,2.180127182006836,0.05973090674728155,29649.5
297,,2.1757431387901307,44769.66,,balanced,1,,,,2.175835204124451,0.05906639166176319,29749.5
298,,2.1749807691574095,45058.69,,balanced,1,,,,2.1746892380714415,0.0564473357051611,29849.5
299,,2.1767649340629576,45350.08,,balanced,1,,,,2.176394855976105,0.054934431463479996,29949.5
300,,2.175888667106628,45642.7,,balanced,1,,,,2.1772147679328917,0.05610179655253887,30049.5
301,,2.1773779940605165,45934.17,,balanced,1,,,,2.1777232027053834,0.05558237291872501,30149.5
302,,2.1796926206617213,46178.253731343284,,balanced,1,,,,2.178599727687551,0.05200652833749999,30233
